payee,mn_count,power
3grE1mBHq3b6apNZBPLsfEyfwStFCbQPn9,142,5.207187385
3WsEKBsDjbwuzZQ2QUca2psfuWT3gQsc6n,140,5.133846718
3aYmDhweXKKNxaJBP6AK1e7ZbtvGK8FJZ1,100,3.66703337
3nNnA3qjZYQEgkVvpTnsqYRcqJqxEoXfuq,100,3.66703337
3mVD7MZhHLzxjByT8Z7ixqPiKRUABNx13U,100,3.66703337
3Uv2fLjT5rXRr3UnY8AWMNar8R1sc5jXEF,98,3.593692703
3X8A95MPPUsd3BfsJGyZAFLtN9KRFf18mp,96,3.520352035
3meUwiqbAQfJFxRPM4eGX61qoq6RPa2nF3,83,3.043637697
3msJJphTFTfxSZRsg9wKW2VzqrhAAuTBjY,74,2.713604694
3c1CvB3QR2XjFQ5e26zqa6vgq3eJb3DNU2,66,2.420242024
3XLciwdFFLsb6ihvigLwmoJpkdrZ3hs7mc,53,1.943527686
3gvQfLZ2KdqjU6VDWXpz5xqN4c8qWGCmjG,53,1.943527686
3Y3UrSuPXKjre8tqRGsa4CURAnAkadcj1g,52,1.906857352
3VT88aJ9fLCpNeUM1xtjB6HteZFqmDGa41,51,1.870187019
3YfMw37QYjew3Nu6sa9KSwRhbsoMxChiD7,47,1.723505684
3XNzjFiHyrs7dZfTQM8eJu99Afjq5BbQH6,40,1.466813348
3ZEi9zYxz4S7wnAhVM91163SPj5tpzswJe,33,1.210121012
3RzHmFZptT3nYLA6gQuusFfCtGcMRGMSsW,33,1.210121012
3ShEWjCiFVmh52t4oN4gXyThtZQuc3zu3K,30,1.100110011
3fp4wNQJ67nupfEUVZjoxYqS4yXdhBaydE,30,1.100110011
3XkW7SidjQsS4o6Z5nGAEWXrDszbgprmVQ,28,1.026769344
3RfUirVf91h6qG8ojCKpnT9VkLXN6wghXB,27,0.99009901
3TQhKzvE6hSqDBxuZD5CkR2KuqSx9NNjts,27,0.99009901
3ciNK6tNQ2i4m3Kav1pMN2ZLpWMWaSD8XT,26,0.953428676
3VhRhS3tPfkJSVXBozBBcDpP7w583TmpKq,23,0.843417675
3VWhjwQQhW4u6fqAj5JWHKvhmFYXHofs8K,21,0.770077008
3o5CR5LY6Mq2qPPzzn14p7VWyAeaAwdQuN,20,0.733406674
3TY4SsDJpvWaDvg3mJK8NFBToPkiF9B3nt,19,0.69673634
3kAqVRnqP3gj7qpZWv729NPR39VCe1Ymht,18,0.660066007
3XmjrscLeGgGk5TkFBYrSQXEScEWMG4GuG,16,0.586725339
3ZEdvC4aYeo5MJ9SHK6ab3jUPQzYAeyNqw,15,0.550055006
3Tkq7478aujXRNKaeU5xPM9QBeCGBc1Anm,15,0.550055006
3kTT2rjNov9xRXqhnDBXapvv3euFEpdAmN,14,0.513384672
3XHcmH5wcqj2pPUfKDH8snPvfRkpxwgdyk,13,0.476714338
3Z35aN2RAGngvthgVE2zwv4n42fFXq6aie,13,0.476714338
3T5xVubzqYsxc8ZX8WZbiLLQMCXRnu5P2r,13,0.476714338
3XnqRBrsSX78UWa1QioJ4vcVeoAUGTKaS9,12,0.440044004
3ahdRqVjFnuDwCnWnfR5epLdAouTXbMqzK,11,0.403373671
3pADurfuSFf7P2pBFDkNnybpCFyY35HMTA,11,0.403373671
3Sb2gXwy7ZtbQ88gajhCnJqvxX4MzFovgK,11,0.403373671
3ctgeXDcKqgxyJdRcQCg2mvmqqyhpkA3mP,10,0.366703337
3TzH54713xRHqPQ3Nr88X1w3iXvFCDdgEd,10,0.366703337
3gJT9TfwjoV9EwLd2Snm5oGXJdeBWzM62R,10,0.366703337
3jMiwsF9XW3Y6QMV56LEdLSWcW5tQuVRnM,10,0.366703337
3ZurCPGauEnWEjZjvfobuEcTbmwZqkgz4e,10,0.366703337
3TLm6YBTAYu9WfMHnyPg5EoKaJPRYrmTMs,10,0.366703337
3ZDaTY7vEm7xg8DnDfWyJgt5ZhEPcxpF9h,8,0.29336267
3fTxgwEdPjH3BrtwxRMuGZkc85w1twxAio,8,0.29336267
3kU7d6PRemFnHVjyb7EZtaYtkCHnTPt2fZ,8,0.29336267
3p8hs8rohgK35RXGsZimjs1CoDVcPWHAy8,8,0.29336267
3f9gKMUw1hrLZiAdGCbaonYQpQHPRkim3c,8,0.29336267
3iVabYqqb5seSVsN3F5Rt9TX2CpBQANT1W,8,0.29336267
3ZrVPG7BwqX8rjTB2UyTsubqpcaMYUJFGA,7,0.256692336
3jmBVorzcdC6kHiLEhav4mbfeGbA6vDzRP,7,0.256692336
3Yp3gQ3yUriJe2jirC15g13U976No8pH95,7,0.256692336
3kG23HZa3DzCsy5cUJcmZfWRapH7JoothE,7,0.256692336
3equHARx74kfjjcZd6VMHgEEUm6Q5BeMNY,6,0.220022002
3VfLntZuaAQbEBccQjUZ5RahzMvKqexJHy,6,0.220022002
3XS4kjn4qtaFrJd7e5nTofyWEzdjuPSh3b,6,0.220022002
3aFRkRdZiKn8pJjqjzJs6XRwJAuMJZBki4,6,0.220022002
3RfNWP3JWPYBoZXNGdBD9cvsEe8VmQvvWa,6,0.220022002
3nm9Eo9kVMLo9s8FTKMN6CY6rQgp2umPL7,5,0.183351669
3UJCcTVZeAuPXGg9ZjCS8HhftkqioJRCaC,5,0.183351669
3ZrZogxcTo3SDWXQ5gnAidS2TT1CKrQDJh,5,0.183351669
3UNBuyezfgBxb15QXdHnEz2WgQupc2ihxv,5,0.183351669
3dpJhSsoX5ENAy3aTWmXYzH5tiRAhxrwmx,5,0.183351669
3et41cVDwLWorDJDz5ZBpe9RwQRqzgrxt1,5,0.183351669
3namsoofhWSrWvqjEbJ8CyRzBSpdprzWie,5,0.183351669
3maA4PmQWP4nNo1hERgMK2aAUHusXaFQWB,5,0.183351669
3jSgt2jDN24JKm6wKjFGKGQM9UvbbQxum1,5,0.183351669
3XMXz1wBw9P6SwMzuqEhUPjXFXrmiMMwv4,5,0.183351669
3eA5JzisnwZomgMhpNtYCBCjec2E2ekSgL,5,0.183351669
3TQMXf6jJLroe7cZWsx8vATUmKURchiZxt,5,0.183351669
3ThfL7ruZ7n1q7nVwbjCM2u7UE3cgQetYz,4,0.146681335
3hMGSDkpgEFc4G7BddmuhhEQ7RmjjmSK1N,4,0.146681335
3ZRNsSsLxh8xnVVpYGt5Rf2JWD3wZTZhqC,4,0.146681335
3Tg9DuQMUz6CeLkxFdyVYVe8WV4HCzqS9k,4,0.146681335
3mkNLzxgMiuaC8SxqLuuHMZgagmm94f9jh,4,0.146681335
3VBpiSXBD9Vnivj8eE2RAxbkF8SmaB4BmV,4,0.146681335
3jPvfrXuUECypZf2Fj914yvKjrmZowWPY6,4,0.146681335
3Su88kNZNkaQXqTrxj8urwAsHSkoMnhgQ5,4,0.146681335
3h9tVNhmEECABk2nLCQ7dnnKdPbEBq4cAs,4,0.146681335
3onSJsF5Es2TDXCtMZuZK8j14dN5YUMUeb,4,0.146681335
3g5KjVXd3UKJ68BNuka91F3y9NkEXiwdRt,4,0.146681335
3bEoCLfUDez8Jycbw55Ctp7LVKBUDd7Uou,4,0.146681335
3a8qfB3xggJypcUKDrwtz2NqL46DfcdkMP,4,0.146681335
3hMFyJektxWRW8CftsQM8GPnwk2DQKaeir,4,0.146681335
3YGcwzFjA4xzvPZ2VbdroWQRnZGK2xJWFU,3,0.110011001
3Wip678Q8VwhRXjf7zfHGqJhj1fBh1oZ4s,3,0.110011001
3bcitv3F1GZFkqLway2pih82kxCgsMDXD3,3,0.110011001
3WgzGKL25wso1UCvPmqDQwTf7ZEqBrtHgX,3,0.110011001
3egf3DasgSN1fTp8SFmVDd4c7cjsWQfkRq,3,0.110011001
3jnfd56Wmrd3fiZuNDZdfTFjRbpvYX5Uj8,3,0.110011001
3jzt6MkvhhV2oumsFrpR3AzHcHWBxw6vZm,3,0.110011001
3cTNHE5rMh1wgb8RtrRGEDGz6FmJnbxGkB,3,0.110011001
3ZjF1mAmVXXm8Qbn6mCEHCpehD5UA54iPQ,3,0.110011001
3WKUj1i467jfKVsDjvsMUicfJR3xJkYheV,3,0.110011001
3coM9fTYrpdHXJ4w13jgPmTV9KEFLHf8XE,3,0.110011001
3WQJ4PVdiknGtVMTiewX9eNDUKuE6ZcSiK,3,0.110011001
3kvC6BDd7trCtywZdAwvSfVT3prbiF5i4H,3,0.110011001
3o7eWb2f5HfSbmWrbhDNayKYyL3N3grUbP,3,0.110011001
3bFhjgAc7UZFMLSp3X2AhPv3W5PSLR8btp,3,0.110011001
3iY5P8w6MCCyLaZyPQpHvckVdkTnC74ysP,3,0.110011001
3nJAaDoiXGW7G1YXfqxNN7PwTkJJhp2RHX,3,0.110011001
3SiX3WAnqNS9tQV4TjKqkQH63khuFJfgCd,3,0.110011001
3hFqUnXPHNH2as4LHe4TbGUS4a91waD3cj,3,0.110011001
3TiKgmS6ikt5HXamh5qCu6xcJXj9CmfKty,3,0.110011001
3gNUEkBDTupPnYfJxVfaWKfqhrkR82VQKJ,2,0.073340667
3mChS5acnkk28HrvMoMDpUsVrRKCmhiVeA,2,0.073340667
3ZHcTrAtYbem7oeFJWnkAevT5j7VkK92yQ,2,0.073340667
3at8fnU8czenfYNbu7QqEsuPjhJd5SqY1k,2,0.073340667
3b8jqvncBYRtqmFz6mnbCFgGF99WKpqVVC,2,0.073340667
3o7Az7DYwPP5J9WVrYdmQqoAfyfvA6z2Qt,2,0.073340667
3d7ck6jgt3cT8GdWHmRMkjZ2mfYzaEdbkr,2,0.073340667
3c1PmE7zzJ9KiBAPsHg2mLaapKrfvFiGrx,2,0.073340667
3nDRh9XBZphzUQTmBFgH3v7eESF5ohLEVD,2,0.073340667
3n1z6hoBDBMNGcRnJXNivep4iFL6TbGiKQ,2,0.073340667
3WHhGv4NdsFbTi94jkcdo7si685ELkUb85,2,0.073340667
3oGKCkEmDYAd8JwpeUugnP4GYzZjJFZjQJ,2,0.073340667
3XC3pJjkygmyN6ZVDWuDYhzf2VLaWdbQPS,2,0.073340667
3gVDhLi7rErEzN4vdShKzVUGUgcEHdKD7n,2,0.073340667
3oPj7FnfSzXoYuSYDgy5eTJnmhrntEvvCj,2,0.073340667
3UGWgfup3b6FBX3NZVXXyahnWsda2gk1FB,2,0.073340667
3RrMSVmDjFX66rNP8pTDrLthKfd64Xeozr,2,0.073340667
3pGri5NeL3zMEsLruRvFCciAiHg45xefee,2,0.073340667
3ZREeLyWVBezeygPoPd3EuMV6WGYFFo4s8,2,0.073340667
3cj9aWgcpczehBtzMxx33hHXY14NsQLJXf,2,0.073340667
3n5Mk5PXboW3S9iHeMQE6URsBrj9QTBRPB,2,0.073340667
3jyTPN9EbWcdwjuwvqBU1vKamoR1SZVx57,2,0.073340667
3Uf5Hn7kdJVNNNzi1vmrrM8jHdvB1qgG6L,2,0.073340667
3WSgU2iraZZj7gWf3TdULWXuftn951c148,2,0.073340667
3Vy1TmZdqTSLvhHsd1fKB47vQC52uZXeLY,2,0.073340667
3U5aLaoCMUrLbcJ926T9SttyEciUfpnzPj,2,0.073340667
3hEsYqUKqY6QquPwQVaqPfNB67P1JPdQs1,2,0.073340667
3fZnmBfEVS1L8PCuKD6VvK8aXis81xTKz9,2,0.073340667
3TCQ2K18zYAa9jsYJHbKAcvdwvb7WnQhjd,2,0.073340667
3dKoKLbDdYYS25ieWTdMtzP8QAfiHv3ca7,2,0.073340667
3SXNNehYT66kg1zf5fVfAW35YGBSvAofXU,2,0.073340667
3Ua1SC5ij8E2qRabBQ6wU51MFqnoXyDkSu,2,0.073340667
3i3nfvo5BeXmNSg2uqzt92S7QPdepPAkGo,2,0.073340667
3kFraxhC8HfzhUgeRpHZtheTQdadSNexNK,2,0.073340667
3nkQLRGqrAKbNiTUPsQXvFawfzdDH3RDc4,2,0.073340667
3XmHxM3v9DQ2JkTeiD27tN2JHLMr1dCViw,1,0.036670334
3Xps6rQwLT4f8sFHJQ2rBnCzjnLJsfqStz,1,0.036670334
3jQdF9XP1WaRcxEKrRGvZzpzT66eWxPsiR,1,0.036670334
3j6iSdTbungR8w3X7BWyQgq3WeGhah4Sn5,1,0.036670334
3S3Sr5TR6cNwyaHysBDmpsYVJRhxzWR6tX,1,0.036670334
3exfuGkWbuiomswc3mKns2J7xAcErDHwVW,1,0.036670334
3owjk91cnVbdTwgR1kkP6Ts55Uhapp5d78,1,0.036670334
3aSLTjhasM11x5iAKk8jyjBmD9pLVucHpA,1,0.036670334
3kokUnPv4tiDmDV5LtLqfLVwDJP8Eq1VFp,1,0.036670334
3h6AxKxqnpzJSSruceRbzMtk2B1CEzprCo,1,0.036670334
3WNPgwT9BScjS5PXLBrUTEMg6gzXyqemTX,1,0.036670334
3b8h7ZBv7zip4icgLr4iu3maAZ6dTthcN6,1,0.036670334
3mq4AfsLhHrZ1WAKSSVGw9WAQeTxowjThd,1,0.036670334
3h5GMya59PdFYMw5v1bvKGik1ZvVP88xRm,1,0.036670334
3TumdfPV4KAMvVsbedJhvK3mX2cbsZTrBC,1,0.036670334
3aPsjj1XquTyvqjrJEsquaLjnZwox7C4Gz,1,0.036670334
3kS2wpZ2qbEwSRjricqgqiptwNwuxJoWKM,1,0.036670334
3jkA1zHxQNdfQHF1mLZG7JrcvKuDpE7xDc,1,0.036670334
3exhEKmYDSVTMGLQbGvEKcBi1fFrR6efVp,1,0.036670334
3ngMuSzhAwvtWZvmEza4JmN8vofJLEQNeS,1,0.036670334
3SZ6SKe2tgP2wnYtESH988N9SbCt8AoBvG,1,0.036670334
3fF3ob22FmdqaqCQwMxZFLTtHJ3FXEEDDJ,1,0.036670334
3avNNVm75dbd5ZH1EDvXHGwJfPw73bJK16,1,0.036670334
3ifYmsgw7ahPZ2jpUwREreEhRUaDyQGhBg,1,0.036670334
3axBMFErnEHe62nxLp5ETHWRXsuU7UY69R,1,0.036670334
3UDJXV4Li3QhY6HQ1d5QX7jWzxoZGsFWwf,1,0.036670334
3SuyLHcnNQ1UiL99KJfLbjPr39aECz5o7h,1,0.036670334
3Vg4pLqz8PAxWyr6ruSKiX5tVf2TTKN6q6,1,0.036670334
3VASuWbtAiH5b9iByt5ehiUUzH2FnMZpqZ,1,0.036670334
3mf5ptcbCfSDkinJm8MEwQ6ynobXRbcfYS,1,0.036670334
3TnWN8VHxW2KMVQzBNiERSmChRV2seJBa5,1,0.036670334
3mznLuR8Q7UdLTypqFGcXjB4jbKnbEQxz2,1,0.036670334
3ZVW8dQJdeNPy5p1H1SGXf9h7tR2zmhdmz,1,0.036670334
3S6YXiZCjNQaEqUh8hEQ7rwFxP29xeFwLb,1,0.036670334
3jTUWdtHaJpx1Nz38yBSks2muVUGixFSva,1,0.036670334
3iPaCokVoqFujmRtmA3ypjV7d99rwhkUPL,1,0.036670334
3SWcxkZGXCcmfRPR2KyyABqEVPP2tae6E9,1,0.036670334
3n3jYJ9HRquLXgWrAJypdfAexJQ58EC19M,1,0.036670334
3XuaxeuoMBk78SfGJJ2bKmyuWnqhk32AYy,1,0.036670334
3U8Kuy1q5vMj1d4oehYEn5SRkJ96Lt9vdx,1,0.036670334
3XMWgzkWVLqKLUn69UFttmmaTKLGEj2f2Z,1,0.036670334
3iozEjN6qT34jcCrrtk36Q3fXXH9FSUehT,1,0.036670334
3R7xiC3xMYSjWRonAsy5ipKbt3DfEDdh4i,1,0.036670334
3fUuxAWx41E187zKz7FYXuVrJ4fzwLHT8c,1,0.036670334
3TB6FpMcE4MziLXbnQT9tFshct6j5kbn73,1,0.036670334
3nuDAhVpPrQvzSRoWncn5FahmQTLN49zhj,1,0.036670334
3ZNSQqPzKXzXDUeMzTJf2PmDxye4jbBsV1,1,0.036670334
3WsJVCrbEX8RKM4YikZ9PoeKPFEoBfrqpf,1,0.036670334
3fFYAkN9QyLJ95GgUSCAaD1wr4P9zWtS3r,1,0.036670334
3XpJi2EXi1tkDpH96zaAqqBgmtUV52A1fL,1,0.036670334
3jETwytanGnAkMadeAUWLQwkNcZ51VqZFf,1,0.036670334
3k74Lq82F976GsKbzV3vnLFMLT8fDTJins,1,0.036670334
3aAL3FBaTqHamVFp1TwVag97TUzeGYpmoY,1,0.036670334
3RFrTcn8McDTZz3oz6pPtWNiBRrDa1rGL4,1,0.036670334
3c3WmFPh97yBBNmaqVkQP22vDn6ySYMSPW,1,0.036670334
3VgmaELNXhZryaQU5Jq766DJzQErYLTbAL,1,0.036670334
3kcj86GzYuzrc429bF6C78GjrBSx71yidH,1,0.036670334
3VMiVLNMgiKNKmYWnEGDnsPsraYf7ykTpb,1,0.036670334
3SPSwBz92t7BAcCCpcQ9vNGP3So5769su5,1,0.036670334
3pHCXxbyMhjyJTk9CU65CWLb9CyFdT96wQ,1,0.036670334
3WDeQ68GakLSXZA9inT7rM9vNzsSnQCmZr,1,0.036670334
3Wu9AP2egh3GQRd6ohijyxfivWEM3PEBpF,1,0.036670334
3bb5AAYKBr2hj489Up89F8QYcLSvvij7Gb,1,0.036670334
3ax7Q4gXqsqupNeXfx7J4QPEY2GP7s7rvB,1,0.036670334
3hmAxTGhGpPNBcDYdhwJHej3NPepKwdgQ7,1,0.036670334
3U9F5aPuixdFB66B6PwLYyprRnNtbVm4fr,1,0.036670334
3myb3bGCw5UgDMhGhc7NpgQEQJ7E2Esoxt,1,0.036670334
3jFpxpPJqDNR4Lq6JbyCJ9WMWy1cwRDK64,1,0.036670334
3igU6piZJAWHoFm7VAmRQbYHWaMMivofEr,1,0.036670334
3c1Bo1qUajLEyk3DWoLRgjc5oPv6h3d38s,1,0.036670334
3X2Gi3BrF6xvqogcSs3ab5tvBk7n8mY6oB,1,0.036670334
3iT4mPZ5wrAZ6NH8NynmS7kTMjjv71369L,1,0.036670334
3etqdbw66mPoRi7QzZ24j2Ta4iFZp6fDZa,1,0.036670334
3ob2DUBdLrhXrMtoqQs2EXzswhrBmALYjZ,1,0.036670334
3ha3STrXWQgjHaMzjcRPUkqrWvnd17wPN9,1,0.036670334
3ivpe13EMvcsHJs2vJt4RBw3pHCVs7TCKi,1,0.036670334
3XtkYqL4Es7f1HCrPugUeeQGERzCTCxwzK,1,0.036670334
3iA2pipDyXc8kW2HSCW3f2Jp4chw6cq3Wt,1,0.036670334
3j82VXeVbnRgQAqT8MEGdhFTRxh83b9oV4,1,0.036670334
3ma42WyP4ycyTE4uVCcFCT4yZrzNajQmNQ,1,0.036670334
3V84kLKKdV9k5oMLLYMBVPtU8B81rrLPPe,1,0.036670334
3inyRQXMZMpmZqCjNfELcbNMGigPFR1gt3,1,0.036670334
3oP5X6dHAst9nfftbg7DG7eLdTdXsuYyWe,1,0.036670334
3Vt6n6ZkvbFTdk9UKKvbx7Wx6Eog1gT81R,1,0.036670334
3SMq4GS3SWQ9mXMBvR43Jdkmsy63jAw7VW,1,0.036670334
3p2UMXW5sMoH8BsA8WqsZBazQsYvaGYFq3,1,0.036670334
3WEvTaft62QsCyUkfPqW9wKWU3ntxHSBZZ,1,0.036670334
3XsEcwydh3pWKHTdaDjEeha5mBnsDFAX5u,1,0.036670334
3S61EcKYEb2Zn5UXh7x3zqBgE6U7ukSiK2,1,0.036670334
3av6JTctWmxehTwsYWwcQMCPdLDV6n3GtY,1,0.036670334
3bcCC4mhucwaW7jnZCAThNppr2PrCctLeH,1,0.036670334
3pDmT1S4ggfaaZ2MSx8v5ayTLchdSihX89,1,0.036670334
3nUVChsd1xLqFW8DVT3zdcvxtLuyFAYeJm,1,0.036670334
3SzjTBrsvUSDW4npaHZrEBNQho9h47UtMj,1,0.036670334
3mKfmnxXshArus2RHoUSTxWKa9J1kH1orR,1,0.036670334
3XB9hmi1HwFncy92FLFm46CQPeC6sqRXsh,1,0.036670334
3aUxZuCyreEDtF9bk5oF3vyxWkMeLWhrix,1,0.036670334
3oGYoxi3FYU3g1uAkX2DR79Pkv9TxQEzqh,1,0.036670334
3Uj8R189fcqxFa2QWBrQhj85aScbcwiijV,1,0.036670334
3WXqAAxjGmd1MZUUhwPq31Efq8BcrEPSwS,1,0.036670334
3XLfE2BuPPS7J4WMjg5aqW8xgk5fxyohcP,1,0.036670334
3VCxmBxwZ6r6wahuS3dVykwiBRmx3tptKG,1,0.036670334
3UtSYcGjQeWTmuCVJs2xCrLqJCpKtZpibf,1,0.036670334
3h5YNmHANsTgD5TjKxKxLpHoK1tNZ5YFpe,1,0.036670334
3jZkkQsNcyQYWby3jtxdLhyqgLv5F6UpeK,1,0.036670334
3g2ENsEAzdDeW3Xuo7DHQGhofeoGAemrEK,1,0.036670334
3mFkNyu1z36f2WAyvGrAUcehZ7G1oH6Bx8,1,0.036670334
3fb38vM4Tndzdi6anuDUWnpaecG1gifbuK,1,0.036670334
3e3wD7fn2iRrLB7HbfTPszGXLvUfuHMDQ1,1,0.036670334
3ePxPJZN3NEdNg1bz7SQMVhZPP68kaTxUL,1,0.036670334
3TSt3Tu8e22KSYY76Q7QKE24VZhxQdWEGb,1,0.036670334
3XkvGomQ4xFptYCekdhWmmRda2VXtcs8dH,1,0.036670334
3m8TfPRaaAVYNXMc7GJAMM3ujnphojwW4Q,1,0.036670334
3mxM7GD93R31LmwnVTPow22Q1djkBLzr8e,1,0.036670334
3kAB148zEQdQ5BaUTsdoH36ixYHjtZjK7Q,1,0.036670334
3oqoEbPLShvJrRh5HqDNXpFcgRSWNZ6sXk,1,0.036670334
3S2MYn5MmrQRttr2TdTLrnM3TnFbndiYPF,1,0.036670334
3dPbu6ibcfBPUgVDskvBr2gk1au9Ser4m6,1,0.036670334
3ft5ABYN8WaqrxAhHzm6ZQF49p3jGyR9AE,1,0.036670334
3j45k7f3im9JCkNBfhpuqXgg4XiAt7ivxf,1,0.036670334
3aLYJv617XXjV9UwxJHxmw6Ma1ca747w2n,1,0.036670334
3T1yypHke8ifT7yMgRnmUiAxFxPBjw7BVY,1,0.036670334
3SbF12opAzn2GmXgW36riQu6GKMrsVD59x,1,0.036670334
3iuJM5dvPPCtwSdHypMiNB5MLh2NsaUZTZ,1,0.036670334
3nabTeFgBzvYJtP11PGxTHWZfEKUrk1Yj8,1,0.036670334
3ZL3PVmbY769dFeLy6oLLkTX2dtL1PNiTQ,1,0.036670334
3k3Cu9D2a9eEvAUMe5REGazepNMjmF1EdV,1,0.036670334
3eN4R6h6ar6zd2kDdbGjRzhiKt5Yw3SMPs,1,0.036670334
3iz2r76KsAA7pqecXiqFdD8eGFEJDJAAYG,1,0.036670334
3crYoiPL6gQEW1as9scUD32Z9yRdPJH3Lu,1,0.036670334
3ZfNk3MDLp5N7cvuZpQP4MHF7RGtTzGtU7,1,0.036670334
3nNtuuLYiJ2hLUEHf3eFi64Eh9VuFkkX9H,1,0.036670334
3SanL9mLLTUUuuVScWcvfCsctNvPT9hrSH,1,0.036670334
3n5kij6h6PXCtc5gzuzkL4ePuT3kWzEnib,1,0.036670334
3cPGu9ajEXHVUAGyC3HG3kQUqDxtWo5Pwv,1,0.036670334
3Y8NTQfWw8LiNvatUWLiE2iMQR3Ts47EmR,1,0.036670334
3iu6hR1EFf6oAeVEDEMfRmUfvEF7xqGaxb,1,0.036670334
3X8mTZdzkY11Ymqd9Qr5DPQ2qUsseAwZ2V,1,0.036670334
3o7P9eBN7gUuxzD1hfbExfniAG1oTitLFx,1,0.036670334
3axQbcmjNjhC5CZD8dFikrPNtCvmKw76ab,1,0.036670334
3h69tdXnmhj4SXSMTQYkatPaU3BonNGtTR,1,0.036670334
3V3eBZ66EwzajSHMhtK9NQEfLTUFcUX5F1,1,0.036670334
3cerbDfxmbEn38BiafuuS5tTAeTfcCtSa7,1,0.036670334
3ctqnGVXAJyiw5Xs31AH1eg7ruRakeJ9xd,1,0.036670334
3SRoX5UBs17g6vn3ciSvJH48GoKexGqzZB,1,0.036670334
3SQPyBUydtNpaZZcQG9kAgJCAdeybJasDY,1,0.036670334
3oYKaMnbFhfE3i7hLBJgEmicRuXV3KpXSn,1,0.036670334
3YYy4tTKCuQ1iAwi6FUUC1PqYBHyCXFKpY,1,0.036670334
3p6Do1mV5M9wFwz63vRkHttAMAdbt1KpST,1,0.036670334
3eN9vVMyRtjsz1o3vfiHC2Ln86XNjd9Wnn,1,0.036670334
3S86y1xmtGZEn3UactBMQ8ByxCbHUsvdZ7,1,0.036670334
3gjBMeMAtL9PB9LxoJxzBQMpF4h2iyZzEt,1,0.036670334
3TTfkHdCszt6utdToHTWY5GjwwnyjThi8T,1,0.036670334
3Tgw9xCZVTWhCbKLj3pRQaK1ckiaZWQCYj,1,0.036670334
3cWCZkJgsEBar2kTAVRnvDWL9yc8dQTukk,1,0.036670334
3fCFL6T6yGR8pQcTN2P5qmdh7FXQXc2Fz6,1,0.036670334
3TE7YbJwfAHjWSibr1TLTaQ4V23wMhGH8h,1,0.036670334
3cUbe8J1zHcKwVSSpxBHFvL9nF1yzx165v,1,0.036670334
3hXTqnMEEfZtHFFKmxcQDcVMguSt6NjpSc,1,0.036670334
3gpcFfBDcrtE4jdg6deVx4XEXEu89u3cbH,1,0.036670334
3UCULJu8Jg3mYF4gd6hX93ruATcEPcf85u,1,0.036670334
3REYLrvJRBXpkdvTHdshzPX2KECB1ZUsqx,1,0.036670334
3fXYKZK6XR9ix5UxUP4yFGYSaKJWhb3LU6,1,0.036670334
3cj8jH9Tq4KKYwVzGGbp66t3bvASfqzmtt,1,0.036670334
3j92jrDYkMEAVK7nYYPGDxEbdbKfizbc8y,1,0.036670334
3kNLmqKTvNp9uaBC9meeraRgdYq2iV2wFx,1,0.036670334
3dqpbAvbJNXvSgSQaXS18GdvuTDEkoFJXU,1,0.036670334
3dqxf5LezspyZf12kV6h89sJX4Gx7548bZ,1,0.036670334
3Zci8M2BK42BBKjekwDPJvqGRGmxuwuDYQ,1,0.036670334
3nYat8fsbvHqKRTyeH9NpSQ5zuocTuT11L,1,0.036670334
3dPy1namsc4LBWV7C3Jd1QaxrsVtsRLQBn,1,0.036670334
3b6Zkk2cHu4ScsDXpHAXQM75ocNUsKA6n1,1,0.036670334
3g9u4YZa9gs2WznqtSaALL4ezBRKUrwV5a,1,0.036670334
3eqByukSGATjsn3siRELfURBzERfR8TLYm,1,0.036670334
3iRCZW2B3ZDirsff5oRmLh1X5u59V3npkG,1,0.036670334
3W1sLS56Q4NASG4RsQqxKjcsbn6YHB37bs,1,0.036670334
3mXqgVp9anjMQzzKFqSFy68ZKnj44tsxw6,1,0.036670334
3R3Xih266XgEd3WbQrBUFRFCiVkPfCTbiU,1,0.036670334
3g4bfpPeX7kZRjLpKw8XvnKTYA4hBuX4xX,1,0.036670334
3V3jrKR3EmDqC15zKnGXCZMQdC4pQF572d,1,0.036670334
3X5gAzEKqeS7NeGGLkbsXgKXy7XUB1XvkC,1,0.036670334
3buoVrjEx3yQRFQdj3n987LTpKt3tAZS1K,1,0.036670334
3fp5anDYkKEREdZBo3qhvH92s7KKReHtpr,1,0.036670334
3jo6uKWxTzrTirDLucJNuYhoQYq9uxaN3B,1,0.036670334
3hQg4duu5orJALwhLHq6Z5nbdRcBjWfLbK,1,0.036670334
3ShptUteVohTD96YJzFMFhU3H9hz4BVWx4,1,0.036670334
3nZxuthqMe9wQ6jRe55EtnyATE6kTzef2R,1,0.036670334
3gtfymWbSKQR52ndVkKf9tDppfQ46MXDDo,1,0.036670334
3Y9suH17chwgRziwxAA6n2zqiCJhbADTuF,1,0.036670334
3ZidioyAXtYcTJzKERnoNM8ZrY52u9TMv5,1,0.036670334
3nHHwottAb9LgJTZmzUebUjpTnyAW1DVmh,1,0.036670334
3at6XEMmk1XTqojNCuYnMdFEVfz4dMRH8H,1,0.036670334
3gsQCUy9Z6WW4BXsSySswxpPesRYZYgo2a,1,0.036670334
3SYbqNCwQWfDQEHoxp91hgLEiLzAQfqonB,1,0.036670334
3atPXJvoBQBi1iWXJ4WtmoJJxBuooHa8iL,1,0.036670334
3cMRU7d1fBK9LCc9LxkR1cmm2wXpBa8KY1,1,0.036670334
3ehTrBPXgQpcK8UmpraspmggV8jCbvYYen,1,0.036670334
3aPYQqC2bWvkm2Eseca1TakT7WtBMFPkBs,1,0.036670334
3VQM8CtMh5UGBNgRE6VGvA5KX8ic2FmZTN,1,0.036670334
3fVT6rGLyLr5zKFhEkab7aNTfQ8UWgKNBK,1,0.036670334
3p92kXkSF6dbMY7LCB7Y9cJshjpizzT1g4,1,0.036670334
3jPEcUnbhiZGsCddy9RcXXmJTYL3J6ysAK,1,0.036670334
3W2aPjAP6Zuz91krSKytX3Bdo95eXwXK6w,1,0.036670334
3mtdDiMkLXZ5qRojw1kaJFHuQyXysrBWfC,1,0.036670334
3mZaME7y9UNTXVWemtP4fjeqJoSvgitMFi,1,0.036670334
3etR5S2YrKVbs8LdD3K2HgZQT3bTt17J6Z,1,0.036670334
3cnNZQVaDSrkj6qPKio2s34J9oX6ZaFqvR,1,0.036670334
3UzaHbbu2tadbP1Hfkp4s8G1x63e46Ddiv,1,0.036670334
3bJy1VBKUvCPUxSm91RgA2zxCvf5JGZiQG,1,0.036670334
3avM6XLzXWDytBJZrw9mZKgCrQTnM6sGCv,1,0.036670334
3YYioZ4s3svTsi6WYLVjqYEmHQU3MzyN9B,1,0.036670334
3c4NJAuxLHcAK7YtvejtSveN4i6qbJrEJY,1,0.036670334
3YQd8h8HyJzBHAC7ksQGmGebpgGWJZenTC,1,0.036670334
3hUyA1bZeSAQTwXudwpPBcfFwfoFNVKfHE,1,0.036670334
3TFSmkRTFzReoMACLR817gDVnBhQRjKDEX,1,0.036670334
3bBRVWRxqvjkbWQ6P4RF6BXw9gZ7bVkz8m,1,0.036670334
3bWzQaXiL1BQbYgGXvZBeqbMWf6eEwKHtL,1,0.036670334
3nctN2naBunRTL4t1YkB59wG2n2VHhHVhq,1,0.036670334
3nnb37grVZguBZE6y6fUgiB47j4QACDj99,1,0.036670334
3YAqna1LsiJ1XXpdx5QykBexSc75kapbcK,1,0.036670334
3Xjcayyuk1vJGP9NhR9DjceBJFoeBtKYq2,1,0.036670334
3W1BnYH8UddCBrkBFn5t46AfUx2WgF7KTL,1,0.036670334
3fSjMvVyYvsB44d6X11md2UKr9Mt3y7vGi,1,0.036670334
3Wcp4KzRDkePRfufaWreaRPBcCA4bgdSbE,1,0.036670334
3krMf2ktYUT4udchP3NCMyGBUKL8vb5SbG,1,0.036670334
3XYGH6JyNtg45cmppfnzQvBsYhVKjtZWgW,1,0.036670334
3bZN1mpACFD7GVoqnXbBw3MJRYh1ncFFr8,1,0.036670334
3iBnN4ku9S2aNP31YUrBKFzUZGCpijHsLy,1,0.036670334
3fVbumsPZVXQS7foCk4vNJgjnMY4nb4BgH,1,0.036670334
3ipwRWqQk6Hua3QrY4KFJc3PevtR3bviDj,1,0.036670334
3YG7Q8jGG5FyrwvWYWFkyrccVRjS6fcyj9,1,0.036670334
3mAzsZM33M29pNWMWyY6qynAqgFaFdNUr6,1,0.036670334
3f4UG6ewrxVoicrcFrzA8ozdXek1Z289o7,1,0.036670334
3nCiAW9wMrUfZ5dtPvxKJ16zSoxqdAVUn8,1,0.036670334
3TCrrm8twrx8JXqPmmZbBTnimp7xk1jUd6,1,0.036670334
3TCMrJRQVR9SeEag38MnjNjr41wudMiEwA,1,0.036670334
3SYwnBLuU184Di3jqWMv3E3Wa5LyRAzkss,1,0.036670334
3ksmBs9fKUXzoGikYds8qbsgPh2Z1GL2iL,1,0.036670334
3TrfKeLo8bdMAhxU2efKqxvHEwFDEqV7eS,1,0.036670334
3nSpvzpLJCRMJMW95HbprR2BPNmxUcY67Z,1,0.036670334
3W1Cx5fo4vB1m6vXFtUgsuBeC7rF9Aro6o,1,0.036670334
3bFTUV57XzNDXzT62TkoKVPogGrBq7rvJa,1,0.036670334
3UCgLTo96gdNZtAjDF3f9BsLH5MTSe9gT6,1,0.036670334
3SkfHystiLs6R1GQiVvLWPYX53xX7CPVKQ,1,0.036670334
3VeaqHyJScyM7FNrSWABa5AX6FumDMEiiX,1,0.036670334
3gBrd9gjmETZQJ5mAQ11FZajZxYp7NNdSN,1,0.036670334
3WczfdKLAD6fmu2d6i45sUM6PQKYprRWve,1,0.036670334
3cLr9BbV5DfJjybg5WYnQKXimCzvmhQtUi,1,0.036670334
3Y4sGaCNLKkmeijXxwpyLhnAqtxrBjyUUJ,1,0.036670334
3ibKu69EgNA15YrQ3VrWfx2MVNenEsakZd,1,0.036670334
3e6BxTtrWTLzookkjhm78zzuhzeQ55RrMM,1,0.036670334
3mMQsQtPxWYyxkW7SbnUL84epGjZdfNALD,1,0.036670334
3jVuXpbu6UQSnU1fD5898gAEfoY2xcdFYC,1,0.036670334
3aVjjJXGCvXMLgt6BDbn1VoAJeTfcyqf2W,1,0.036670334
3drkb2YthZPExPMZfezyaE83uQJMFMoTKT,1,0.036670334
3nobQXCEp6hCA5AN5qHkm1EXRAoiy4MYvW,1,0.036670334
3dfhwY2p7A6rYukVqpsBEoxD1ECyy1iwmL,1,0.036670334
3dyjSMd9NeNmjHwqCLA25ZDG878msaix5g,1,0.036670334
3UszCWzVByh2QjQ6AsKQBjcd1ZBnLFHKpG,1,0.036670334
3dMYY92fvjGvgofrTWjQtPugQxhWZHD8Ky,1,0.036670334
3g3oRXvsFN9VJmDEUmj3gUJidM3DLtY2bN,1,0.036670334
3h7U4BaKf6cEryyptftHHgDgPfDnUNoJk2,1,0.036670334
3fMSpKKcsjUDii8vFbRecurxCfpsJaF5Dj,1,0.036670334
3eYApa3emGhbNbKt6ry69aPEcdNohknxQC,1,0.036670334
3e1eAfLT92ZZ28AWZzEkcwowjbC2BL7dWa,1,0.036670334
3U323hw4CatKrwemp6CZkUP88oMSQ7jjf5,1,0.036670334
3bnNeHYh97So3gfkLV2SwcY2toMmwQMFCK,1,0.036670334
3cNNVwdQriCuKCeUxYphHRC51KoLCR6Ltt,1,0.036670334
3RYToMKaf3xBMuegXdFWLg3VqZYzVQR8rk,1,0.036670334
3RjBQCT5prr87zCqXgU5DYXEHcuyZGj2Qx,1,0.036670334
3fKgnM1mF2QxWuzPzw4LX5KegjUY2NUZSk,1,0.036670334
3p7XatB8sUx94xMSTubkzeXdvxeY6LWaqo,1,0.036670334
3fFeEjRPCQwiAzjjGhPmqTUjJBKpRs5jBs,1,0.036670334
3gpUexosBr9v3rzuDdWtV4Qifh3daL1MW3,1,0.036670334
3hoXm1GB2uHsgQL61Xw6oMqEx71Q8mQGdc,1,0.036670334
3Z1y7JT3JA1w6FxdVXVTSrAsqX6pPDdXLt,1,0.036670334
3TL8XmQghoMsPbaaCsoHSPDx5uJLjEL5Ms,1,0.036670334
3SV3fLZmoxjHKBNAV4b3JcntsBWqz49SkZ,1,0.036670334
3dzFTZormkHQ2qAqeTTGFKjeoos9kzZH5c,1,0.036670334
3dRaTjg7ip2dzVjANLu65RjeUdxg56kYM5,1,0.036670334
3dUmGoZHcWAsFUhHXqFdVKzEXeQJ1ee2NH,1,0.036670334
3ZxJUnKDS58Q8axexJhtrJKqxru6qpswRV,1,0.036670334
3a39vfCpyBNFV3Pc8qiS7GpEJYbEVaCx6L,1,0.036670334
3UDwJ4byRZyMxZmhfR6KxzGi3umqWTL8eD,1,0.036670334
3XnQ1kfoxddHep8mBWAsrxDXnqSE7kwFaD,1,0.036670334
3eWik7CgvEwa7F4dJTjeMnsydAHVXRV5h4,1,0.036670334
3oXNie9ZdPL1iNHNTh6tqifiMmEuq1YBet,1,0.036670334
3eGT7xseTX3SuNHtXiFU1WSSBaiAVqtXtZ,1,0.036670334
3owmTYnWwvzL18j1Ep1QCQMVukpBLj9AdJ,1,0.036670334
3Xw1QMTLBTmM19KHgN8sANnUkXcXLZ9MRg,1,0.036670334
3Rkz5gSSZRR643KhwTPzV6EN1x3p6ednAH,1,0.036670334
3TpMdbk8s5tsaRx2uX5zdAo9suNZ1GDPNj,1,0.036670334
3iMCkK7VqT79ZeXp318LLkzNdP7S5LzxQG,1,0.036670334
3j5TtogTfVWgvVZ4yHsraMpk9tnZxJLUGc,1,0.036670334
3iWBMbmmuucDXkymmDNXtotcgPc3BqZxn4,1,0.036670334
3TVt4wHeMSBvc2vL7uuDBJgqAzc975PqaY,1,0.036670334
3ohESQMo1QBKQ8hoEW5AdeRKambxZ8oN9Z,1,0.036670334
3iD8bPDeAK7bmYq7zykpU7Vv1A9L2siZLf,1,0.036670334
3ZRKpqZPMPdCHPXd4rz6zTPGozqYcdQcEw,1,0.036670334
3epzQjNvQKpVu1y23abNrTwvAoHnbSUx2t,1,0.036670334
3m5Mq27MxDVs3oYp8ammMHFjbYnexzFFbL,1,0.036670334
3RQxP9ko4R2M6cqNRaugqTePNqSJjeSFVD,1,0.036670334
3hpub5k2M5Kde1k4JUkwS9Hpzp2ghneuBN,1,0.036670334
3eXNEpZbQ3o5SCZfdAqqeStd6vjDRwaZgK,1,0.036670334
3iGztBums4Jwt8jY1wXMyXLe77xpzvsQn4,1,0.036670334
3Y39w5C4gj1ucdLWGjhbsrMPr27EW6BFSB,1,0.036670334
3T7y7LgEaD5iQnMXn2dAgCgwBeu1Lz7Bgt,1,0.036670334
3manCfAAeke4DJNcMMUqxpVNsX4idaaCoL,1,0.036670334
3kj9N2vjfb3vsVMPUuzVw6dAyVM9nEgq3b,1,0.036670334
3WuaDrTDWXNRhrnbmD6vBxybLsRpQyn5FQ,1,0.036670334
3gTEm6q7SomwxHGKMqWAafR9AZgNWbDMbY,1,0.036670334
3jMtLYuY49ht5Uv2gW8yGDxvENeijbqnV5,1,0.036670334
3USbiDXPebfGsczgJARBrrH6mVfskyErAA,1,0.036670334
3VGZG6zqknhUNHVRuTs18hqRatc8oDvtbu,1,0.036670334
3TcWuSVUkBuDHuduaXwt3wtKjKin3qCZey,1,0.036670334
3ivaZ5GVKEsrgyz5NdGp2YmGu3Q4HfHbxv,1,0.036670334
3dwcb7UAY14DfyZuktFM39XwCGiqr2yi1N,1,0.036670334
3a5peZJm22eNAk7tSTtMAqKQVgC5dHZHNV,1,0.036670334
3TU4aPyCqDVE3kV4BegtTcEoEykaoKqtM5,1,0.036670334
3Snz7zqqYcaWX5goc1qbWgE3GvuoDb9tsn,1,0.036670334
3nPhZJuzwrMSqXd34LThP6CYu8uCQvViGr,1,0.036670334
3eHg15jubRySyZXfpARAM9vi6EhaovuUDC,1,0.036670334
3fca383m4895g5p8AnCpRh7V7hah4ZRXC6,1,0.036670334
3atZYhgqXJbPGU5qpergKm8aBAVjYiNJmu,1,0.036670334
3nasA67w1V3mydC5XjGXHZyEG6yxqbW1VR,1,0.036670334
3a3psz3QNYubUUP7vvzFTKKfQ4vHia7SMG,1,0.036670334
3S6uGvohYviEiyyvJoxqhPvvRESUfgw4BA,1,0.036670334
3SfuAjXhQhpg2Gs8bAxzFb2YKVg573vdZ5,1,0.036670334
3ejZu6HniyCTCPzyWwQiiPLNgoaSNCy8TH,1,0.036670334
3YuF7A4sHBtsJAqFz3oedtDtzYxLpExX3q,1,0.036670334
3ns9PbUrkrm76uemcDSCoy6LTqjdSsGJuA,1,0.036670334
3W5z6YX7ApF8XAUcJ8SGbQrdXjJfZm6DUw,1,0.036670334
3RxdR3AZFtHDPC5mJn7HVo8FwckWFwryXA,1,0.036670334
3fJ6PnKxKQt4SRPZux12Posxt6m7zGvw3L,1,0.036670334
3okzkN1ViEJuQjrrocdoVY9mbz2WAiG7GZ,1,0.036670334
3eTC2c52BTWMFgFxCNGpr4KKrtYiTaYvND,1,0.036670334
3jQZWTseSDpXBRZc7EPxNyJ3ANn6APM1Az,1,0.036670334
3YqPfqgvfTY8fAziUZzWLQ33yjdmU5qCbq,1,0.036670334
3oXpDUWQtxMFHjkJWwwThyodQHaNACSQdu,1,0.036670334
3bfGuvGc2VPwS2kawc9ryM8FhEZdLKkpRf,1,0.036670334
3aTEkMtNX5wa37heScpZgKRhVoBztxPKzY,1,0.036670334
3h8pdB5fzmDip2KVeU5fLxuAXLxv1b4fPo,1,0.036670334
3db5gKAsQUw3kHK96EjGyLCH7taJSBLmzi,1,0.036670334
3WXXcxmdK2XbgV1s3xWv92ioJmB43zB8gW,1,0.036670334
3miJ2yf1RpnHbJr8qrLALTHGEtY6QKLzrJ,1,0.036670334
3gvp5QHwKJ5usmiCuiJbyBLbdQ4ZvP9FaJ,1,0.036670334
3brhr6YAYyFrGobWqTH1MFWGDYxbnWWXiT,1,0.036670334
3eajVNmtxDfp5t1wriGk4p1SkhP4dVWyhz,1,0.036670334
3nACVhuUuEjKbA4BUB2CXUe84YBQmTeNQU,1,0.036670334
3W5VGz37sUDjQtXSwkFVznQestCtjS6Bg6,1,0.036670334
3f4y9VJSJVEMxaqQymR3raA4PKoSgk6Hzb,1,0.036670334
3cJQD2HTqzdKpbxvCQxFATTWgYq8okK3uj,1,0.036670334
3Vg7nqCnBvQd8Ev4KYmsduMfJZFHmZ2KGP,1,0.036670334
3hyT8bfZ9H2TkJijZDtTqtq7etZpyBmA8z,1,0.036670334
3ZRow3WN7V2jXfrC1H1bUXvacNv7RLhMyu,1,0.036670334
3oMTwoNBQXyXvqbVL8LS4G13LNSMj6dfL1,1,0.036670334
3msQGMQiYeMLWbEvGC77NbicKKfoSUP8Vf,1,0.036670334
3mqxvVfZdYLz6mmvwop3Qn1trbYosKLjCd,1,0.036670334
3opatPeNRGTMj3yMcWBpttZMuF3eaWtsUW,1,0.036670334
3UJBPMyPfW8ucxmpDb7zUpn4Tg11GqHDaf,1,0.036670334
3oPqSa21vos1xh7wDuwUw4A4dFDTejo9dJ,1,0.036670334
3oAhH4H3EFxg311o86ZNafXQLV4KTnfkn5,1,0.036670334
3TcGN31XnYnxvA38L8etdTTtnFrFrDEGQo,1,0.036670334
3mo84CgcyaGn1g1XVMBxux3MrudCpX8TPW,1,0.036670334
3YiKCoGyMcbaz9xZhZCsUJDJRhc8afaT3M,1,0.036670334
3mrqLFmPVpKamcETLxFyfjm9DmtvuenSnF,1,0.036670334
3eqBiFtxAEjZS117rixrt7DR8Z1JrQLX43,1,0.036670334
3Sh1zM1apRvUarD1cWVfJsDrM1xNEYfkqJ,1,0.036670334
3TXnUV1cecN2XM3tk94LZ9MLstXvpY1dkY,1,0.036670334
3jd3y8feJWqhngkum6EqVRvvxsEWKVLVwW,1,0.036670334
3SsbrS8qYPegbRsrRx8k6ucxcGtbzqi1AB,1,0.036670334
3cVuLnSvbigxBSxNofGfKuK15bnbYZNEQc,1,0.036670334
3jFnVMTfvS7Ltn1Gsj8EGu5Svg5qY8iATs,1,0.036670334
3nt9LEuXYk7z8HXyxpVLPAnDSiX7aari64,1,0.036670334
3XtPFaULPt9TePcTuAS4SUZDrKeybJR3pF,1,0.036670334
3Svb5KvYh6cDYQ9caYfGwMrEJKpZUk8Ao3,1,0.036670334
3aWMp9KvV71Yz6fVPMMk6g7HAKnbna7KYM,1,0.036670334
3T9TVvuv2NGhPveaVfAaRAzoCykYoryZnE,1,0.036670334
3aP1zN2nkEn21kvoAcYCPhsGEG9jCnUVra,1,0.036670334
3apnTzoNqZPzTwaFWWzVogeEHXNxSAvvHq,1,0.036670334
3iAg3nhUPpnEppmdoWAczxaievP6Uf7wbh,1,0.036670334
3SX3ZcFqAdvGykx94ocRjdJtkcCtzBEYHa,1,0.036670334
3VtMpZJ1N8rmpKTVfCvdQGtwVnKhYQUUHc,1,0.036670334
3jGSoSETGjLpxj6HVPq4YEAA4KphFGtGuH,1,0.036670334
3czv95SgRG1QCNeXGFZjrUnJghCtrYingW,1,0.036670334
3nJsjcwGw7GKdquNarejrxnCvPswwtPCty,1,0.036670334
3Z2Zv8A3NXhpnN3TdqJzuFUKAKSARScn5s,1,0.036670334
3Ry5PaqLiFUuRRRYsPnBkZMbiQNnCLfTub,1,0.036670334
3hiiMCtuKVeWEcNXuRHxe4SwfCuQaFzdG8,1,0.036670334
3cZDhfM3BpNrKRMAVY2kKXBC5tKupAaMRd,1,0.036670334
3ieLujR8TWBQRWhguWcfcBhbZKX7hSosqh,1,0.036670334
3mvk6kRBsMy8qk88byRC9g8TKqox1aU1Q7,1,0.036670334
3YHx9Xk2vjRXDJH928g2H9hahJJGa5Fhv3,1,0.036670334
3djCKVvokFdqi37NL5BsMPYXbXWkvtrpQE,1,0.036670334
3o6wDd1hjxwv5xw575La1XGXvPTHFuD9NK,1,0.036670334
3cNs1Wewp3fJN6Xt5TwTrjS8P7RUswze5E,1,0.036670334
3eRPZ7A4uvGHYx5ZN5Y6QDCTgQhRqqtTrJ,1,0.036670334
3gg14hcCCeUhtcHHyGWYwnPZHh6jLX4NXQ,1,0.036670334
3XVxBHhTHpvraoEJMEA7iQXNf7Yyg683ao,1,0.036670334
3pHwymzH9mbEbVY1fg2j76juW3zNVCHhNC,1,0.036670334
3bcLJ26hUtEm1w8VPQRCv1peaqjKii2enB,1,0.036670334
3Xdsb7RoRU5LDvf2rpWSfErXe6f9wrdhsR,1,0.036670334
3c2mt6rfDPtCJYzrUzi6YJtkmXahSShV3s,1,0.036670334
3XK2uVPchFfzEFaxx8NbFr8f3jsXd1FuRq,1,0.036670334
3WWUxKtnzEp6GD4A78zMoYrieyD4TBdDLV,1,0.036670334
3fk1c3Ri9x7tyEaAqXV4ivfoWhcJhKWmBD,1,0.036670334
3RXde3ngQwVMfPXUscgFTpTzXXd1nZs4aJ,1,0.036670334
3dTTsazj5aMv4Q2QfK7CP4zrNWjT8Q3GZN,1,0.036670334
3gw29ADwm1VEJnXpKJa4xabHH1x119cnkZ,1,0.036670334
3ft5ap9TkqqpYeHj7dCmFJkkeozLaxpRzh,1,0.036670334
3fNLZpg5QDDjhAhTKbrgtTLTVeyWSAodxm,1,0.036670334
3WAdLhKp3q8Xrpr5ebpc9QrUSABvWXxEzS,1,0.036670334
3cPJ4VM9miFtsbzfisQTSV3j7xXYqiiDqm,1,0.036670334
3XuRUzZowqXKAfvsbE4muSJGpXhNpu5Y8p,1,0.036670334
3YjHYvakjxzV6paZvRHgPXoX9fFjdnrWmW,1,0.036670334
3fe3SDEXCT79K482rzNrMqU22uud6KSBa7,1,0.036670334
3aRWUvQDehWDQvnDkFAPDPt3f2ga5uKcVT,1,0.036670334
3X3rY7Bnnq2cuMYZfaT5A5R8PnxRc3wKsg,1,0.036670334
3f3QfrqVwZPBM8U88Ph9ZLRBc7c73wpW57,1,0.036670334
3mkQnYrqgmQN8hw1ctPCGx7NzwXpzEehEa,1,0.036670334
3TbnDeVGK5FvVLyb4kMoyGxL2AywHgNCYd,1,0.036670334
3Wxb5LqCPecViBjb11WJ9tTh9d268AQEVm,1,0.036670334
3izQqRJTCiKXVJyt5Sm8nhiGvVg8yZUmfC,1,0.036670334
3pHfgfdz8KEDt1Z79DJrc3J21ek8G1atWv,1,0.036670334
3TBg9iWJe1xS8ewbvXwdP6F5niRZtUtcg2,1,0.036670334
3hNuVW5T5z66AkYkcDbNrEWkgwFhc5wDqs,1,0.036670334
3a5oPsYEsgCNUmdAnmxxEQtcDLXaZ3m7We,1,0.036670334
3UfDyUt7xSkdCxXGxWwfjRPYrswfAUByxM,1,0.036670334
3Wfo7At8pdkYJwvKDFxJf6DmRELvvKBp1b,1,0.036670334
3Z96JFHGMJnb7wpN7LmKiKrPEwkD9N7eCb,1,0.036670334
3oopgqrfXLUKV7Kj78cFiLahXkkfRdNpPf,1,0.036670334
3nKU6SMJcbeS8XmooCZFtoLMnmFgKsSFHi,1,0.036670334
3oBHfTWBiAXLH9akYKbD1CHw4bdpukoH4h,1,0.036670334
3dAbDJg8CR8NC1P4snyMdpXio26AGpch42,1,0.036670334
3TsEJDAjmLwjGSu91xQpuDK3BDh2d6QED2,1,0.036670334
3UYheJHkfVvAAfqyKswWJnfKSpL5TT4jHv,1,0.036670334
3adffiuGj5QN7HxoeK1kGxFdZfXUK6qYXX,1,0.036670334
3fU15yj4bgsi3cAAxbfhz9kKDPuQrdnTWx,1,0.036670334
3haohGVbxxr4g3FzhvuwXcEZY9ymZoJ1v9,1,0.036670334
3jba7SmqcoqtHuDip4gJ8XuqgwMgPxGu8z,1,0.036670334
3Z7AB51GCJgSDQSpoe5PphFtZtRMraDgzp,1,0.036670334
3k7yk8q7Fipx8dnZN7bSCU9NZYYHQtRtQS,1,0.036670334
3YUdALC5fJhu1UfKw6w7k4yfx8sZQi5bt3,1,0.036670334
3TuCe1gvygKTaGQy2FcTn6CAVBfVUux5wS,1,0.036670334
3nX8jQxTm1mhYB2ZRN3DAaMKVNuAP1Cfo5,1,0.036670334
3gEJKNc39BJJqB1vdMBmp8rHScHpMJR1SZ,1,0.036670334
3ha9CTb5xoc9bALxh6Tm8ZKqtCgBDEnfAp,1,0.036670334
3kjYemx8GDtVvToNzAH8vDNYZ6fTo16gzF,1,0.036670334
3c3UuQtmsibQQxUtF7wMhKYLzLewQynSwk,1,0.036670334
3fw33RJ3omSperijP31UtCC6RMCXtwptPs,1,0.036670334
3S2cNXr5TX9vqBzyTbo4jdDJQRXLmWZCvh,1,0.036670334
3arpbqTNLeET31inyjUJ2go7SvHtVbFGja,1,0.036670334
3hf4isjq6RMVuVTAa68bQt4bn4hRAw3hod,1,0.036670334
3Vq9Mt6KoLTkG9rQ3rWvVRYEPpPPrC17Ge,1,0.036670334
3fEKgg4aZzH9wAw7NWm5CFegwr2TjWbYaP,1,0.036670334
3RfPuUe5jrjGrcJudwtsoy1Kjo3Pfvnb24,1,0.036670334
3drWNPuWc8GpsnhfMbqLp24A7NZwPJVJrw,1,0.036670334
3RMBXnrDaWASVMhWeZCsCBfj8zsFKWiB23,1,0.036670334
3cuYZtbskLd8hebwnNvMRZGSJ5Yt8CmVgw,1,0.036670334
3cNK2Sroft6FRRG9wTZtabwDekALBeFLUu,1,0.036670334
3iarntVoM3WTTKiiKhYYCMkDr15bPxqVsL,1,0.036670334
3fqLeM4KUrcRwQAxq4BjevPGqq1F38iBjy,1,0.036670334
3RqCJU5ZoPaaJn6cFGCeJCkRJQiUu6Me69,1,0.036670334
3dcrMnbQvTEmqbNmEhPsMz3cEfaTVomWPC,1,0.036670334
3VKkAQVLHZZijS5Nh75KWkUDYykWmg2q7t,1,0.036670334
3gmm2ur1BTVNfaRMvzUAtfsPYTUAfzch5L,1,0.036670334
3mRiMZQAaHaaDYo7cTZpPqbk6djRvSSMMV,1,0.036670334
3mGacNh3ZQNnnqvmXv7Ew48Bzg8w2pvGf6,1,0.036670334
3jxx3LNK72PRvzwrBCKAizKkzmnb1afEbs,1,0.036670334
3XDhpYNxWqJt6gdvE547dqxAULYCw19AAc,1,0.036670334
3bJjywS9PVHZsvfDDaxcth37gRbAW8wZf2,1,0.036670334
3egTDXMmSZsUga72txBbYiNn58K8RbJCAS,1,0.036670334
3Y2SUb8Sc97Lh2wXVbPTXm5VHKbf1hpm5S,1,0.036670334
3RQCnLLNyWer45fiZ69rF11HFRPdWQHBNJ,1,0.036670334
3VhFnTHjgMNyjC8x8VHopw92ns5bJNQv8z,1,0.036670334
3bJapbunTG8kYsXTRdbf7o7D6etCAJEtAW,1,0.036670334
3WKLQTdjBHTqGyZrdNiezuGMRAtSTN82JF,1,0.036670334
3kxec3RnQTvNLymgsYvztxTZUNDpVjmJUJ,1,0.036670334
3mhCEevsE5UD1E6p6K8AXa1wy6GTvM7jsd,1,0.036670334
3V9nxgLwkuGEjzm2sfF29mjhnRg3TBsMWZ,1,0.036670334
3iwhhHu4R1BAXWgGQ4Qbn1hiJfvys6FW8k,1,0.036670334
3iE6DWwbv8HD1TTeqryZwgCZ6h5Keu8VnE,1,0.036670334
3RuJvVjswEmdPLVFsc4iDiFi5nAR6Tre23,1,0.036670334
3ZUN9zQhwAWSzEZbRya1qb1AD4jSbsdr9g,1,0.036670334
3bUvxPDP2Jaw6ZwT4SWYeL4mL3eRmio8HU,1,0.036670334
3mnvjejW33HCXXLSQWUhkWutZjQgem7Dj3,1,0.036670334
3meZk1STtYrTMgY1UcD7oTX97XZerZiDch,1,0.036670334
3cB3KoFWQSPBvM14MsE2Qokno85BkVichE,1,0.036670334
3Y4NdbfZXFeXXFZ7tdjgoyCNpCV4eidHXY,1,0.036670334
3XNhUjx2J4YNcfLftCQkbJcw1fswbAKrT5,1,0.036670334
3UsDZdAThxxubiKnJArg2o8uidnYGwx1Qu,1,0.036670334
3TNtqoJJH4cyXUgoCTua9HETBoTtiDPvSn,1,0.036670334
3dca7VzBVkEv1ZWPwoEgDJihuQXSdwB3fs,1,0.036670334
3V1tSE8Baqm45JBApMK4ckVThtjF4YkXhB,1,0.036670334
3SYf4ip7j1pMdfQ3BokQ5qmFJUF8uzaNxr,1,0.036670334
3gPfJqk9juvTpi6LNbPqjzfYHFAN5CFX5S,1,0.036670334
3WNP7oFtUthZDfynDSRrvUEiHPqWq8n4CA,1,0.036670334
3ZydkDWxYG8aCarkxB9V5fxmcE1dGCdq7o,1,0.036670334
3gT5TwJQ9QEEj6Kb37vsXCZjSa56jzCKi6,1,0.036670334
3WDMF6v9TXYqyQsWL2okTNwX4k6ZRUZdUa,1,0.036670334
3ZwDgjGwp7DcFQrg27Pf67qxVKuNeiR7mQ,1,0.036670334
3cNGGfzv7ynW65V8TYc9esU5wQdwFKdQz4,1,0.036670334
3eqGJvTiLFcQ2U7VkV5QRYkcqaLwuCc2bQ,1,0.036670334
3dWC1nTLPCwnY11swxY4GhZy4Z9R3MKaqT,1,0.036670334
3UTr1DypN3hZu7u5FrCAtGqBEaxit1kPYX,1,0.036670334
3R7caHNhysBiTh2pxLcZdqAAZ7edZvjNkR,1,0.036670334
3oWszrqekmGCRdQsUu4Hur8sPyGji852W5,1,0.036670334
3TXZbLdoBwivUvaGsYXzaaxBjx54Lbck1i,1,0.036670334
3mHBjeLY5AAcL1U4M3S3nynfAURptty7B1,1,0.036670334
3WeyMsv7buR3UmhdhbQFVFxon2bJQXT6Wu,1,0.036670334
3WMBqtLyZdJATL8LdCHnUtVSXUeAjrdD2Y,1,0.036670334
3acj2a6ShLwMuJT15zw8zQoBSLStuhxnXF,1,0.036670334
3UkmuYGVDAk8RGxuSJxbkAW1rBZ4bCYyab,1,0.036670334
3kCkSEGMNwrVfTesecASY5v6cUyaxMbvZF,1,0.036670334
3hEa7ncT9nH7Q9HPtsZKsrku2n1dcjUC9z,1,0.036670334
3nJHx1tKRybU6Z8vqKsEqZwiy7wfAnSqvW,1,0.036670334
3kd1ubwgehmNi2GNHWDZ8oWqwAuNxGX7mx,1,0.036670334
3gv3N6si7x2gK813tBNrnzcBov3vrgcTzN,1,0.036670334
3aPywhYSWZKkwuh64tYJrdxyRz6pykakGK,1,0.036670334
3nxnMvSzpdHVt2df7dRFqmB9EX3R1BJN4z,1,0.036670334
3Y6BcP1AC4gRawjHZsgsdWJ7Yrg8ZnL2rt,1,0.036670334
3mJSZYaCRHtJUPY5EHmb2BZxbrSmk2poUh,1,0.036670334
3RNG3xwjTFpQJCeSUtxoGZqtoA9d17VmSf,1,0.036670334
3Vbx3zCCXuAj93KUKknQwjNdfTfT5sRCCG,1,0.036670334
3SRWgdKZcmxquipGdBJAwpzXMc9XkQFKRP,1,0.036670334
3jDLRgqVFrivtiZ6uTfBjUDcpJ2WgF7KqC,1,0.036670334
3dA3eekdUFu4fsugLqB5uGSJiiErBm76CC,1,0.036670334
3hF3SVzPcEmHnTgsmzQfBVua9ynoCk8ddy,1,0.036670334
3VUKvAuguqFUciTASZwt3hkMBCwsnAfF8e,1,0.036670334
3kuNAUxAVBL68Qi8AyA835YoHKqQyo6cTx,1,0.036670334
3dqnbXpiv6FoqHzrvDazLEfZG4h2ZXLUa8,1,0.036670334
3VbHyDdDqdaKbAyz2X2JkKhUb1aesusNBN,1,0.036670334
3exmKFuY6WdRKz4fvu9iexrj4vCS2SHD8K,1,0.036670334
3kA9Gsfj48EnCyaSy4AgqD2MzqpJdp6Vrr,1,0.036670334
3RL9tV4PkACjwSY6p14221dUJmew3UMwT4,1,0.036670334
3VQrgmXGHJhHSeTphyA8VY4X3mGn6n9RYA,1,0.036670334
3bV3WHM3TfqqxPzBfsP13n11JaTJHyXmxw,1,0.036670334
3SopuVb5m4qdkfpKgMBBjjuNAsnXyKGoc1,1,0.036670334
3iHa64XH5cE4wuA8Ag4MfZx9FEYCpNJ1cu,1,0.036670334
3d8Fbg3K1ZW8HKBBN11BYanDoT82dhBqKR,1,0.036670334
3V9EqJNrsoqe5zMCYH8vQGgcGGybEHNSSC,1,0.036670334
